<?xml version="1.0" encoding="UTF-8"?>
<TcBusinessData xmlns="http://teamcenter.com/BusinessModel/TcBusinessData" Date="">
<Add>
   <TcClass className="QS4CompanyStd" parentClassName="Design" isExportable="false"
       isUninstantiable="false" isUninheritable="false" description="">
     <TcAttribute attributeName="qs4ArticleNumber" description="" attributeType="POM_string"
         maxStringLength="128" isArray="false" followOnExport="false" isNullsAllowed="true"
         isUnique="false" isPublicRead="true" isPublicWrite="true" isCandidateKey="false"
         isTransient="false" exportAsString="false" noBackpointer="false" lowerBoundValue=""
         upperBoundValue=""/>
     <TcAttribute attributeName="qs4ArticleGroup" description="" attributeType="POM_string"
         maxStringLength="128" isArray="false" followOnExport="false" isNullsAllowed="true"
         isUnique="false" isPublicRead="true" isPublicWrite="true" isCandidateKey="false"
         isTransient="false" exportAsString="false" noBackpointer="false" lowerBoundValue=""
         upperBoundValue=""/>
     <TcAttribute attributeName="qs4DesignType" description="" attributeType="POM_string"
         maxStringLength="128" isArray="false" followOnExport="false" isNullsAllowed="true"
         isUnique="false" isPublicRead="true" isPublicWrite="true" isCandidateKey="false"
         isTransient="false" exportAsString="false" noBackpointer="false" lowerBoundValue=""
         upperBoundValue=""/>
   </TcClass>
   <TcClass className="QS4CompanyStdMasterS" parentClassName="DesignMaster" isExportable="false"
       isUninstantiable="false" isUninheritable="false" description=""/>
   <TcClass className="QS4CompanyStdRevMasterS" parentClassName="DesignVerMaster"
       isExportable="false" isUninstantiable="false" isUninheritable="false" description=""/>
   <TcClass className="QS4CompanyStdRevision" parentClassName="Design_0_Revision_alt"
       isExportable="false" isUninstantiable="false" isUninheritable="false" description="">
     <TcAttribute attributeName="qs4ApprovedBy" description="" attributeType="POM_typed_reference"
         maxStringLength="0" isArray="false" followOnExport="false" isNullsAllowed="true"
         isUnique="false" isPublicRead="true" isPublicWrite="true" isCandidateKey="false"
         isTransient="false" exportAsString="false" noBackpointer="false" typedRefClassName="User"/>
     <TcAttribute attributeName="qs4ApprovedDate" description="" attributeType="POM_date"
         maxStringLength="0" isArray="false" followOnExport="false" isNullsAllowed="true"
         isUnique="false" isPublicRead="true" isPublicWrite="true" isCandidateKey="false"
         isTransient="false" exportAsString="false" noBackpointer="false" lowerBoundValue=""
         upperBoundValue=""/>
     <TcAttribute attributeName="qs4Designer" description="" attributeType="POM_string"
         maxStringLength="128" isArray="false" followOnExport="false" isNullsAllowed="true"
         isUnique="false" isPublicRead="true" isPublicWrite="true" isCandidateKey="false"
         isTransient="false" exportAsString="false" noBackpointer="false" lowerBoundValue=""
         upperBoundValue=""/>
     <TcAttribute attributeName="qs4Material" description="" attributeType="POM_string"
         maxStringLength="128" isArray="false" followOnExport="false" isNullsAllowed="true"
         isUnique="false" isPublicRead="true" isPublicWrite="true" isCandidateKey="false"
         isTransient="false" exportAsString="false" noBackpointer="false" lowerBoundValue=""
         upperBoundValue=""/>
     <TcAttribute attributeName="qs4RawMaterial" description="" attributeType="POM_string"
         maxStringLength="128" isArray="false" followOnExport="false" isNullsAllowed="true"
         isUnique="false" isPublicRead="true" isPublicWrite="true" isCandidateKey="false"
         isTransient="false" exportAsString="false" noBackpointer="false" lowerBoundValue=""
         upperBoundValue=""/>
     <TcAttribute attributeName="qs4Supplier" description="" attributeType="POM_string"
         maxStringLength="128" isArray="false" followOnExport="false" isNullsAllowed="true"
         isUnique="false" isPublicRead="true" isPublicWrite="true" isCandidateKey="false"
         isTransient="false" exportAsString="false" noBackpointer="false" lowerBoundValue=""
         upperBoundValue=""/>
     <TcAttribute attributeName="qs4Customer" description="" attributeType="POM_string"
         maxStringLength="128" isArray="false" followOnExport="false" isNullsAllowed="true"
         isUnique="false" isPublicRead="true" isPublicWrite="true" isCandidateKey="false"
         isTransient="false" exportAsString="false" noBackpointer="false" lowerBoundValue=""
         upperBoundValue=""/>
     <TcAttribute attributeName="qs4Comments" description="" attributeType="POM_string"
         maxStringLength="128" isArray="false" followOnExport="false" isNullsAllowed="true"
         isUnique="false" isPublicRead="true" isPublicWrite="true" isCandidateKey="false"
         isTransient="false" exportAsString="false" noBackpointer="false" lowerBoundValue=""
         upperBoundValue=""/>
     <TcAttribute attributeName="qs4Mass" description="" attributeType="POM_string"
         maxStringLength="128" isArray="false" followOnExport="false" isNullsAllowed="true"
         isUnique="false" isPublicRead="true" isPublicWrite="true" isCandidateKey="false"
         isTransient="false" exportAsString="false" noBackpointer="false" lowerBoundValue=""
         upperBoundValue=""/>
     <TcAttribute attributeName="qs4Dimensions" description="" attributeType="POM_string"
         maxStringLength="128" isArray="false" followOnExport="false" isNullsAllowed="true"
         isUnique="false" isPublicRead="true" isPublicWrite="true" isCandidateKey="false"
         isTransient="false" exportAsString="false" noBackpointer="false" lowerBoundValue=""
         upperBoundValue=""/>
     <TcAttribute attributeName="qs4Categories" description="" attributeType="POM_string"
         maxStringLength="128" isArray="false" followOnExport="false" isNullsAllowed="true"
         isUnique="false" isPublicRead="true" isPublicWrite="true" isCandidateKey="false"
         isTransient="false" exportAsString="false" noBackpointer="false" lowerBoundValue=""
         upperBoundValue=""/>
   </TcClass>
   <TcClass className="QS4DesignItem" parentClassName="QS4CompanyStd" isExportable="false"
       isUninstantiable="false" isUninheritable="false" description=""/>
   <TcClass className="QS4DesignItemMasterS" parentClassName="QS4CompanyStdMasterS"
       isExportable="false" isUninstantiable="false" isUninheritable="false" description=""/>
   <TcClass className="QS4DesignItemRevMasterS" parentClassName="QS4CompanyStdRevMasterS"
       isExportable="false" isUninstantiable="false" isUninheritable="false" description=""/>
   <TcClass className="QS4DesignItemRevision" parentClassName="QS4CompanyStdRevision"
       isExportable="false" isUninstantiable="false" isUninheritable="false" description=""/>
   <TcClass className="QS4EngChangeOrderStorage" parentClassName="POM_object" isExportable="false"
       isUninstantiable="false" isUninheritable="false" description="">
     <TcAttribute attributeName="qs4CreatorName" description="" attributeType="POM_string"
         maxStringLength="128" isArray="false" followOnExport="false" isNullsAllowed="true"
         isUnique="false" isPublicRead="true" isPublicWrite="true" isCandidateKey="false"
         isTransient="false" exportAsString="false" noBackpointer="false" lowerBoundValue=""
         upperBoundValue=""/>
     <TcAttribute attributeName="qs4Description" description="" attributeType="POM_long_string"
         maxStringLength="0" isArray="false" followOnExport="false" isNullsAllowed="true"
         isUnique="false" isPublicRead="true" isPublicWrite="true" isCandidateKey="false"
         isTransient="false" exportAsString="false" noBackpointer="false" lowerBoundValue=""
         upperBoundValue=""/>
     <TcAttribute attributeName="qs4Category" description="" attributeType="POM_string"
         maxStringLength="128" isArray="false" followOnExport="false" isNullsAllowed="true"
         isUnique="false" isPublicRead="true" isPublicWrite="true" isCandidateKey="false"
         isTransient="false" exportAsString="false" noBackpointer="false" lowerBoundValue=""
         upperBoundValue=""/>
     <TcAttribute attributeName="qs4Priority" description="" attributeType="POM_int"
         maxStringLength="0" isArray="false" followOnExport="false" isNullsAllowed="true"
         isUnique="false" isPublicRead="true" isPublicWrite="true" isCandidateKey="false"
         isTransient="false" exportAsString="false" noBackpointer="false" lowerBoundValue=""
         upperBoundValue=""/>
     <TcAttribute attributeName="qs4ReviewedBy" description="" attributeType="POM_typed_reference"
         maxStringLength="0" isArray="false" followOnExport="false" isNullsAllowed="true"
         isUnique="false" isPublicRead="true" isPublicWrite="true" isCandidateKey="false"
         isTransient="false" exportAsString="false" noBackpointer="false" typedRefClassName="User"/>
     <TcAttribute attributeName="qs4ApprovedBy" description="" attributeType="POM_typed_reference"
         maxStringLength="0" isArray="false" followOnExport="false" isNullsAllowed="true"
         isUnique="false" isPublicRead="true" isPublicWrite="true" isCandidateKey="false"
         isTransient="false" exportAsString="false" noBackpointer="false" typedRefClassName="User"/>
     <TcAttribute attributeName="qs4TasksToDo" description="" attributeType="POM_long_string"
         maxStringLength="0" isArray="false" followOnExport="false" isNullsAllowed="true"
         isUnique="false" isPublicRead="true" isPublicWrite="true" isCandidateKey="false"
         isTransient="false" exportAsString="false" noBackpointer="false" lowerBoundValue=""
         upperBoundValue=""/>
     <TcAttribute attributeName="qs4Conclusion" description="" attributeType="POM_long_string"
         maxStringLength="0" isArray="false" followOnExport="false" isNullsAllowed="true"
         isUnique="false" isPublicRead="true" isPublicWrite="true" isCandidateKey="false"
         isTransient="false" exportAsString="false" noBackpointer="false" lowerBoundValue=""
         upperBoundValue=""/>
     <TcAttribute attributeName="qs4Reason" description="" attributeType="POM_string"
         maxStringLength="128" isArray="false" followOnExport="false" isNullsAllowed="true"
         isUnique="false" isPublicRead="true" isPublicWrite="true" isCandidateKey="false"
         isTransient="false" exportAsString="false" noBackpointer="false" lowerBoundValue=""
         upperBoundValue=""/>
   </TcClass>
   <TcClass className="QS4ItemRevECORelation" parentClassName="ImanRelation" isExportable="false"
       isUninstantiable="false" isUninheritable="false" description=""/>
   <TcClass className="QS4PurchasedItem" parentClassName="QS4CompanyStd" isExportable="false"
       isUninstantiable="false" isUninheritable="false" description=""/>
   <TcClass className="QS4PurchasedItemMasterS" parentClassName="QS4CompanyStdMasterS"
       isExportable="false" isUninstantiable="false" isUninheritable="false" description=""/>
   <TcClass className="QS4PurchasedItemRevMasterS" parentClassName="QS4CompanyStdRevMasterS"
       isExportable="false" isUninstantiable="false" isUninheritable="false" description=""/>
   <TcClass className="QS4PurchasedItemRevision" parentClassName="QS4CompanyStdRevision"
       isExportable="false" isUninstantiable="false" isUninheritable="false" description=""/>
   <TcClass className="QS4RawMatItem" parentClassName="QS4CompanyStd" isExportable="false"
       isUninstantiable="false" isUninheritable="false" description=""/>
   <TcClass className="QS4RawMatItemMasterS" parentClassName="QS4CompanyStdMasterS"
       isExportable="false" isUninstantiable="false" isUninheritable="false" description=""/>
   <TcClass className="QS4RawMatItemRevMasterS" parentClassName="QS4CompanyStdRevMasterS"
       isExportable="false" isUninstantiable="false" isUninheritable="false" description=""/>
   <TcClass className="QS4RawMatItemRevision" parentClassName="QS4CompanyStdRevision"
       isExportable="false" isUninstantiable="false" isUninheritable="false" description=""/>
   <TcClass className="QS4StandardItem" parentClassName="QS4CompanyStd" isExportable="false"
       isUninstantiable="false" isUninheritable="false" description=""/>
   <TcClass className="QS4StandardItemMasterS" parentClassName="QS4CompanyStdMasterS"
       isExportable="false" isUninstantiable="false" isUninheritable="false" description=""/>
   <TcClass className="QS4StandardItemRevMasterS" parentClassName="QS4CompanyStdRevMasterS"
       isExportable="false" isUninstantiable="false" isUninheritable="false" description=""/>
   <TcClass className="QS4StandardItemRevision" parentClassName="QS4CompanyStdRevision"
       isExportable="false" isUninstantiable="false" isUninheritable="false" description=""/>
   <OperationInputType typeName="QS4CompanyStdCreI" parentTypeName="DesignCreI" typeClassName="QS4CompanyStdCreI"
       description="CreateInput object for &quot;QS4CompanyStd&quot; business object"
       isAbstract="true" artifactName="QS4CompanyStdCreI">
     <OperationInputProperty propName="qs4ArticleNumber" compoundObjectConstant=""
         srcPropName="qs4ArticleNumber" compoundObjectType="" fieldType="SimpleProperty"
         description=""/>
     <OperationInputProperty propName="qs4ArticleGroup" compoundObjectConstant=""
         srcPropName="qs4ArticleGroup" compoundObjectType="" fieldType="SimpleProperty"
         description=""/>
     <OperationInputProperty propName="qs4DesignType" compoundObjectConstant="" srcPropName="qs4DesignType"
         compoundObjectType="" fieldType="SimpleProperty" description=""/>
   </OperationInputType>
   <OperationInputType typeName="QS4CompanyStdMasterCreI" parentTypeName="Design MasterCreI"
       typeClassName="QS4CompanyStdMasterCreI" description="CreateInput object for &quot;QS4CompanyStdMaster&quot; business object"
       isAbstract="false" artifactName="QS4CompanyStdMasterCreI"/>
   <OperationInputType typeName="QS4CompanyStdMasterSCreI" parentTypeName="DesignMasterCreI"
       typeClassName="QS4CompanyStdMasterSCreI" description="CreateInput object for &quot;QS4CompanyStdMasterS&quot; business object"
       isAbstract="false" artifactName="QS4CompanyStdMasterSCreI"/>
   <OperationInputType typeName="QS4CompanyStdMasterSSvAI" parentTypeName="DesignMasterSvAI"
       typeClassName="QS4CompanyStdMasterSSvAI" description="SaveAsInput object for &quot;QS4CompanyStdMasterS&quot; business object"
       isAbstract="false" artifactName="QS4CompanyStdMasterSSvAI"/>
   <OperationInputType typeName="QS4CompanyStdMasterSvAI" parentTypeName="Design MasterSvAI"
       typeClassName="QS4CompanyStdMasterSvAI" description="SaveAsInput object for &quot;QS4CompanyStdMaster&quot; business object"
       isAbstract="false" artifactName="QS4CompanyStdMasterSvAI"/>
   <OperationInputType typeName="QS4CompanyStdRevMasterSCreI" parentTypeName="DesignVerMasterCreI"
       typeClassName="QS4CompanyStdRevMasterSCreI" description="CreateInput object for &quot;QS4CompanyStdRevMasterS&quot; business object"
       isAbstract="false" artifactName="QS4CompanyStdRevMasterSCreI"/>
   <OperationInputType typeName="QS4CompanyStdRevMasterSSvAI" parentTypeName="DesignVerMasterSvAI"
       typeClassName="QS4CompanyStdRevMasterSSvAI" description="SaveAsInput object for &quot;QS4CompanyStdRevMasterS&quot; business object"
       isAbstract="false" artifactName="QS4CompanyStdRevMasterSSvAI"/>
   <OperationInputType typeName="QS4CompanyStdRevisionCreI" parentTypeName="Design RevisionCreI"
       typeClassName="QS4CompanyStdRevisionCreI" description="CreateInput object for &quot;QS4CompanyStdRevision&quot; business object"
       isAbstract="true" artifactName="QS4CompanyStdRevisionCreI">
     <OperationInputProperty propName="qs4ApprovedBy" compoundObjectConstant="" srcPropName="qs4ApprovedBy"
         compoundObjectType="" fieldType="SimpleProperty" description=""/>
     <OperationInputProperty propName="qs4ApprovedDate" compoundObjectConstant=""
         srcPropName="qs4ApprovedDate" compoundObjectType="" fieldType="SimpleProperty"
         description=""/>
     <OperationInputProperty propName="qs4Designer" compoundObjectConstant="" srcPropName="qs4Designer"
         compoundObjectType="" fieldType="SimpleProperty" description=""/>
     <OperationInputProperty propName="qs4Material" compoundObjectConstant="" srcPropName="qs4Material"
         compoundObjectType="" fieldType="SimpleProperty" description=""/>
     <OperationInputProperty propName="qs4RawMaterial" compoundObjectConstant="" srcPropName="qs4RawMaterial"
         compoundObjectType="" fieldType="SimpleProperty" description=""/>
     <OperationInputProperty propName="qs4Supplier" compoundObjectConstant="" srcPropName="qs4Supplier"
         compoundObjectType="" fieldType="SimpleProperty" description=""/>
     <OperationInputProperty propName="qs4Customer" compoundObjectConstant="" srcPropName="qs4Customer"
         compoundObjectType="" fieldType="SimpleProperty" description=""/>
     <OperationInputProperty propName="qs4Comments" compoundObjectConstant="" srcPropName="qs4Comments"
         compoundObjectType="" fieldType="SimpleProperty" description=""/>
     <OperationInputProperty propName="qs4Mass" compoundObjectConstant="" srcPropName="qs4Mass"
         compoundObjectType="" fieldType="SimpleProperty" description=""/>
     <OperationInputProperty propName="qs4Dimensions" compoundObjectConstant="" srcPropName="qs4Dimensions"
         compoundObjectType="" fieldType="SimpleProperty" description=""/>
     <OperationInputProperty propName="qs4Categories" compoundObjectConstant="" srcPropName="qs4Categories"
         compoundObjectType="" fieldType="SimpleProperty" description=""/>
     <OperationInputProperty propName="qs4QS4ItemRevECORelation" compoundObjectConstant=""
         srcPropName="QS4ItemRevECORelation" compoundObjectType="" fieldType="SimpleProperty"
         description=""/>
   </OperationInputType>
   <OperationInputType typeName="QS4CompanyStdRevisionM_alt0CreI" parentTypeName="Design Revision MasterCreI"
       typeClassName="QS4CompanyStdRevisionM_alt0CreI" description="CreateInput object for &quot;QS4CompanyStdRevisionMaster&quot; business object"
       isAbstract="false" artifactName="QS4CompanyStdRevisionM_alt0CreI"/>
   <OperationInputType typeName="QS4CompanyStdRevisionM_alt0SvAI" parentTypeName="Design Revision MasterSvAI"
       typeClassName="QS4CompanyStdRevisionM_alt0SvAI" description="SaveAsInput object for &quot;QS4CompanyStdRevisionMaster&quot; business object"
       isAbstract="false" artifactName="QS4CompanyStdRevisionM_alt0SvAI"/>
   <OperationInputType typeName="QS4CompanyStdRevisionRevI" parentTypeName="Design RevisionRevI"
       typeClassName="QS4CompanyStdRevisionRevI" description="ReviseInput object for &quot;QS4CompanyStdRevision&quot; business object"
       isAbstract="true" artifactName="QS4CompanyStdRevisionRevI"/>
   <OperationInputType typeName="QS4CompanyStdRevisionSvAI" parentTypeName="Design RevisionSvAI"
       typeClassName="QS4CompanyStdRevisionSvAI" description="SaveAsInput object for &quot;QS4CompanyStdRevision&quot; business object"
       isAbstract="true" artifactName="QS4CompanyStdRevisionSvAI"/>
   <OperationInputType typeName="QS4CompanyStdSvAI" parentTypeName="DesignSvAI" typeClassName="QS4CompanyStdSvAI"
       description="SaveAsInput object for &quot;QS4CompanyStd&quot; business object"
       isAbstract="true" artifactName="QS4CompanyStdSvAI"/>
   <OperationInputType typeName="QS4DesignItemCreI" parentTypeName="QS4CompanyStdCreI"
       typeClassName="QS4DesignItemCreI" description="CreateInput object for &quot;QS4DesignItem&quot; business object"
       isAbstract="false" artifactName="QS4DesignItemCreI"/>
   <OperationInputType typeName="QS4DesignItemMasterCreI" parentTypeName="QS4CompanyStdMasterCreI"
       typeClassName="QS4DesignItemMasterCreI" description="CreateInput object for &quot;QS4DesignItemMaster&quot; business object"
       isAbstract="false" artifactName="QS4DesignItemMasterCreI"/>
   <OperationInputType typeName="QS4DesignItemMasterSCreI" parentTypeName="QS4CompanyStdMasterSCreI"
       typeClassName="QS4DesignItemMasterSCreI" description="CreateInput object for &quot;QS4DesignItemMasterS&quot; business object"
       isAbstract="false" artifactName="QS4DesignItemMasterSCreI"/>
   <OperationInputType typeName="QS4DesignItemMasterSSvAI" parentTypeName="QS4CompanyStdMasterSSvAI"
       typeClassName="QS4DesignItemMasterSSvAI" description="SaveAsInput object for &quot;QS4DesignItemMasterS&quot; business object"
       isAbstract="false" artifactName="QS4DesignItemMasterSSvAI"/>
   <OperationInputType typeName="QS4DesignItemMasterSvAI" parentTypeName="QS4CompanyStdMasterSvAI"
       typeClassName="QS4DesignItemMasterSvAI" description="SaveAsInput object for &quot;QS4DesignItemMaster&quot; business object"
       isAbstract="false" artifactName="QS4DesignItemMasterSvAI"/>
   <OperationInputType typeName="QS4DesignItemRevMasterSCreI" parentTypeName="QS4CompanyStdRevMasterSCreI"
       typeClassName="QS4DesignItemRevMasterSCreI" description="CreateInput object for &quot;QS4DesignItemRevMasterS&quot; business object"
       isAbstract="false" artifactName="QS4DesignItemRevMasterSCreI"/>
   <OperationInputType typeName="QS4DesignItemRevMasterSSvAI" parentTypeName="QS4CompanyStdRevMasterSSvAI"
       typeClassName="QS4DesignItemRevMasterSSvAI" description="SaveAsInput object for &quot;QS4DesignItemRevMasterS&quot; business object"
       isAbstract="false" artifactName="QS4DesignItemRevMasterSSvAI"/>
   <OperationInputType typeName="QS4DesignItemRevisionCreI" parentTypeName="QS4CompanyStdRevisionCreI"
       typeClassName="QS4DesignItemRevisionCreI" description="CreateInput object for &quot;QS4DesignItemRevision&quot; business object"
       isAbstract="false" artifactName="QS4DesignItemRevisionCreI"/>
   <OperationInputType typeName="QS4DesignItemRevisionM_alt0CreI" parentTypeName="QS4CompanyStdRevisionM_alt0CreI"
       typeClassName="QS4DesignItemRevisionM_alt0CreI" description="CreateInput object for &quot;QS4DesignItemRevisionMaster&quot; business object"
       isAbstract="false" artifactName="QS4DesignItemRevisionM_alt0CreI"/>
   <OperationInputType typeName="QS4DesignItemRevisionM_alt0SvAI" parentTypeName="QS4CompanyStdRevisionM_alt0SvAI"
       typeClassName="QS4DesignItemRevisionM_alt0SvAI" description="SaveAsInput object for &quot;QS4DesignItemRevisionMaster&quot; business object"
       isAbstract="false" artifactName="QS4DesignItemRevisionM_alt0SvAI"/>
   <OperationInputType typeName="QS4DesignItemRevisionRevI" parentTypeName="QS4CompanyStdRevisionRevI"
       typeClassName="QS4DesignItemRevisionRevI" description="ReviseInput object for &quot;QS4DesignItemRevision&quot; business object"
       isAbstract="false" artifactName="QS4DesignItemRevisionRevI"/>
   <OperationInputType typeName="QS4DesignItemRevisionSvAI" parentTypeName="QS4CompanyStdRevisionSvAI"
       typeClassName="QS4DesignItemRevisionSvAI" description="SaveAsInput object for &quot;QS4DesignItemRevision&quot; business object"
       isAbstract="false" artifactName="QS4DesignItemRevisionSvAI"/>
   <OperationInputType typeName="QS4DesignItemSvAI" parentTypeName="QS4CompanyStdSvAI"
       typeClassName="QS4DesignItemSvAI" description="SaveAsInput object for &quot;QS4DesignItem&quot; business object"
       isAbstract="false" artifactName="QS4DesignItemSvAI"/>
   <OperationInputType typeName="QS4EngChangeOrderCreI" parentTypeName="FormCreI"
       typeClassName="QS4EngChangeOrderCreI" description="CreateInput object for &quot;QS4EngChangeOrder&quot; business object"
       isAbstract="false" artifactName="QS4EngChangeOrderCreI"/>
   <OperationInputType typeName="QS4EngChangeOrderStorageCreI" parentTypeName="POM_objectCreI"
       typeClassName="QS4EngChangeOrderStorageCreI" description="CreateInput object for &quot;QS4EngChangeOrderStorage&quot; business object"
       isAbstract="false" artifactName="QS4EngChangeOrderStorageCreI"/>
   <OperationInputType typeName="QS4EngChangeOrderStorageSvAI" parentTypeName="POM_objectSvAI"
       typeClassName="QS4EngChangeOrderStorageSvAI" description="SaveAsInput object for &quot;QS4EngChangeOrderStorage&quot; business object"
       isAbstract="false" artifactName="QS4EngChangeOrderStorageSvAI"/>
   <OperationInputType typeName="QS4EngChangeOrderSvAI" parentTypeName="FormSvAI"
       typeClassName="QS4EngChangeOrderSvAI" description="SaveAsInput object for &quot;QS4EngChangeOrder&quot; business object"
       isAbstract="false" artifactName="QS4EngChangeOrderSvAI"/>
   <OperationInputType typeName="QS4ItemRevECORelationCreI" parentTypeName="ImanRelationCreI"
       typeClassName="QS4ItemRevECORelationCreI" description="CreateInput object for &quot;QS4ItemRevECORelation&quot; business object"
       isAbstract="false" artifactName="QS4ItemRevECORelationCreI"/>
   <OperationInputType typeName="QS4ItemRevECORelationSvAI" parentTypeName="ImanRelationSvAI"
       typeClassName="QS4ItemRevECORelationSvAI" description="SaveAsInput object for &quot;QS4ItemRevECORelation&quot; business object"
       isAbstract="false" artifactName="QS4ItemRevECORelationSvAI"/>
   <OperationInputType typeName="QS4PurchasedItemCreI" parentTypeName="QS4CompanyStdCreI"
       typeClassName="QS4PurchasedItemCreI" description="CreateInput object for &quot;QS4PurchasedItem&quot; business object"
       isAbstract="false" artifactName="QS4PurchasedItemCreI"/>
   <OperationInputType typeName="QS4PurchasedItemMasterCreI" parentTypeName="QS4CompanyStdMasterCreI"
       typeClassName="QS4PurchasedItemMasterCreI" description="CreateInput object for &quot;QS4PurchasedItemMaster&quot; business object"
       isAbstract="false" artifactName="QS4PurchasedItemMasterCreI"/>
   <OperationInputType typeName="QS4PurchasedItemMasterSCreI" parentTypeName="QS4CompanyStdMasterSCreI"
       typeClassName="QS4PurchasedItemMasterSCreI" description="CreateInput object for &quot;QS4PurchasedItemMasterS&quot; business object"
       isAbstract="false" artifactName="QS4PurchasedItemMasterSCreI"/>
   <OperationInputType typeName="QS4PurchasedItemMasterSSvAI" parentTypeName="QS4CompanyStdMasterSSvAI"
       typeClassName="QS4PurchasedItemMasterSSvAI" description="SaveAsInput object for &quot;QS4PurchasedItemMasterS&quot; business object"
       isAbstract="false" artifactName="QS4PurchasedItemMasterSSvAI"/>
   <OperationInputType typeName="QS4PurchasedItemMasterSvAI" parentTypeName="QS4CompanyStdMasterSvAI"
       typeClassName="QS4PurchasedItemMasterSvAI" description="SaveAsInput object for &quot;QS4PurchasedItemMaster&quot; business object"
       isAbstract="false" artifactName="QS4PurchasedItemMasterSvAI"/>
   <OperationInputType typeName="QS4PurchasedItemRevMasterSCreI" parentTypeName="QS4CompanyStdRevMasterSCreI"
       typeClassName="QS4PurchasedItemRevMasterSCreI" description="CreateInput object for &quot;QS4PurchasedItemRevMasterS&quot; business object"
       isAbstract="false" artifactName="QS4PurchasedItemRevMasterSCreI"/>
   <OperationInputType typeName="QS4PurchasedItemRevMasterSSvAI" parentTypeName="QS4CompanyStdRevMasterSSvAI"
       typeClassName="QS4PurchasedItemRevMasterSSvAI" description="SaveAsInput object for &quot;QS4PurchasedItemRevMasterS&quot; business object"
       isAbstract="false" artifactName="QS4PurchasedItemRevMasterSSvAI"/>
   <OperationInputType typeName="QS4PurchasedItemRevisi_alt0CreI" parentTypeName="QS4CompanyStdRevisionM_alt0CreI"
       typeClassName="QS4PurchasedItemRevisi_alt0CreI" description="CreateInput object for &quot;QS4PurchasedItemRevisionMaster&quot; business object"
       isAbstract="false" artifactName="QS4PurchasedItemRevisi_alt0CreI"/>
   <OperationInputType typeName="QS4PurchasedItemRevisi_alt0SvAI" parentTypeName="QS4CompanyStdRevisionM_alt0SvAI"
       typeClassName="QS4PurchasedItemRevisi_alt0SvAI" description="SaveAsInput object for &quot;QS4PurchasedItemRevisionMaster&quot; business object"
       isAbstract="false" artifactName="QS4PurchasedItemRevisi_alt0SvAI"/>
   <OperationInputType typeName="QS4PurchasedItemRevisionCreI" parentTypeName="QS4CompanyStdRevisionCreI"
       typeClassName="QS4PurchasedItemRevisionCreI" description="CreateInput object for &quot;QS4PurchasedItemRevision&quot; business object"
       isAbstract="false" artifactName="QS4PurchasedItemRevisionCreI"/>
   <OperationInputType typeName="QS4PurchasedItemRevisionRevI" parentTypeName="QS4CompanyStdRevisionRevI"
       typeClassName="QS4PurchasedItemRevisionRevI" description="ReviseInput object for &quot;QS4PurchasedItemRevision&quot; business object"
       isAbstract="false" artifactName="QS4PurchasedItemRevisionRevI"/>
   <OperationInputType typeName="QS4PurchasedItemRevisionSvAI" parentTypeName="QS4CompanyStdRevisionSvAI"
       typeClassName="QS4PurchasedItemRevisionSvAI" description="SaveAsInput object for &quot;QS4PurchasedItemRevision&quot; business object"
       isAbstract="false" artifactName="QS4PurchasedItemRevisionSvAI"/>
   <OperationInputType typeName="QS4PurchasedItemSvAI" parentTypeName="QS4CompanyStdSvAI"
       typeClassName="QS4PurchasedItemSvAI" description="SaveAsInput object for &quot;QS4PurchasedItem&quot; business object"
       isAbstract="false" artifactName="QS4PurchasedItemSvAI"/>
   <OperationInputType typeName="QS4RawMatItemCreI" parentTypeName="QS4CompanyStdCreI"
       typeClassName="QS4RawMatItemCreI" description="CreateInput object for &quot;QS4RawMatItem&quot; business object"
       isAbstract="false" artifactName="QS4RawMatItemCreI"/>
   <OperationInputType typeName="QS4RawMatItemMasterCreI" parentTypeName="QS4CompanyStdMasterCreI"
       typeClassName="QS4RawMatItemMasterCreI" description="CreateInput object for &quot;QS4RawMatItemMaster&quot; business object"
       isAbstract="false" artifactName="QS4RawMatItemMasterCreI"/>
   <OperationInputType typeName="QS4RawMatItemMasterSCreI" parentTypeName="QS4CompanyStdMasterSCreI"
       typeClassName="QS4RawMatItemMasterSCreI" description="CreateInput object for &quot;QS4RawMatItemMasterS&quot; business object"
       isAbstract="false" artifactName="QS4RawMatItemMasterSCreI"/>
   <OperationInputType typeName="QS4RawMatItemMasterSSvAI" parentTypeName="QS4CompanyStdMasterSSvAI"
       typeClassName="QS4RawMatItemMasterSSvAI" description="SaveAsInput object for &quot;QS4RawMatItemMasterS&quot; business object"
       isAbstract="false" artifactName="QS4RawMatItemMasterSSvAI"/>
   <OperationInputType typeName="QS4RawMatItemMasterSvAI" parentTypeName="QS4CompanyStdMasterSvAI"
       typeClassName="QS4RawMatItemMasterSvAI" description="SaveAsInput object for &quot;QS4RawMatItemMaster&quot; business object"
       isAbstract="false" artifactName="QS4RawMatItemMasterSvAI"/>
   <OperationInputType typeName="QS4RawMatItemRevMasterSCreI" parentTypeName="QS4CompanyStdRevMasterSCreI"
       typeClassName="QS4RawMatItemRevMasterSCreI" description="CreateInput object for &quot;QS4RawMatItemRevMasterS&quot; business object"
       isAbstract="false" artifactName="QS4RawMatItemRevMasterSCreI"/>
   <OperationInputType typeName="QS4RawMatItemRevMasterSSvAI" parentTypeName="QS4CompanyStdRevMasterSSvAI"
       typeClassName="QS4RawMatItemRevMasterSSvAI" description="SaveAsInput object for &quot;QS4RawMatItemRevMasterS&quot; business object"
       isAbstract="false" artifactName="QS4RawMatItemRevMasterSSvAI"/>
   <OperationInputType typeName="QS4RawMatItemRevisionCreI" parentTypeName="QS4CompanyStdRevisionCreI"
       typeClassName="QS4RawMatItemRevisionCreI" description="CreateInput object for &quot;QS4RawMatItemRevision&quot; business object"
       isAbstract="false" artifactName="QS4RawMatItemRevisionCreI"/>
   <OperationInputType typeName="QS4RawMatItemRevisionM_alt0CreI" parentTypeName="QS4CompanyStdRevisionM_alt0CreI"
       typeClassName="QS4RawMatItemRevisionM_alt0CreI" description="CreateInput object for &quot;QS4RawMatItemRevisionMaster&quot; business object"
       isAbstract="false" artifactName="QS4RawMatItemRevisionM_alt0CreI"/>
   <OperationInputType typeName="QS4RawMatItemRevisionM_alt0SvAI" parentTypeName="QS4CompanyStdRevisionM_alt0SvAI"
       typeClassName="QS4RawMatItemRevisionM_alt0SvAI" description="SaveAsInput object for &quot;QS4RawMatItemRevisionMaster&quot; business object"
       isAbstract="false" artifactName="QS4RawMatItemRevisionM_alt0SvAI"/>
   <OperationInputType typeName="QS4RawMatItemRevisionRevI" parentTypeName="QS4CompanyStdRevisionRevI"
       typeClassName="QS4RawMatItemRevisionRevI" description="ReviseInput object for &quot;QS4RawMatItemRevision&quot; business object"
       isAbstract="false" artifactName="QS4RawMatItemRevisionRevI"/>
   <OperationInputType typeName="QS4RawMatItemRevisionSvAI" parentTypeName="QS4CompanyStdRevisionSvAI"
       typeClassName="QS4RawMatItemRevisionSvAI" description="SaveAsInput object for &quot;QS4RawMatItemRevision&quot; business object"
       isAbstract="false" artifactName="QS4RawMatItemRevisionSvAI"/>
   <OperationInputType typeName="QS4RawMatItemSvAI" parentTypeName="QS4CompanyStdSvAI"
       typeClassName="QS4RawMatItemSvAI" description="SaveAsInput object for &quot;QS4RawMatItem&quot; business object"
       isAbstract="false" artifactName="QS4RawMatItemSvAI"/>
   <OperationInputType typeName="QS4StandardItemCreI" parentTypeName="QS4CompanyStdCreI"
       typeClassName="QS4StandardItemCreI" description="CreateInput object for &quot;QS4StandardItem&quot; business object"
       isAbstract="false" artifactName="QS4StandardItemCreI"/>
   <OperationInputType typeName="QS4StandardItemMasterCreI" parentTypeName="QS4CompanyStdMasterCreI"
       typeClassName="QS4StandardItemMasterCreI" description="CreateInput object for &quot;QS4StandardItemMaster&quot; business object"
       isAbstract="false" artifactName="QS4StandardItemMasterCreI"/>
   <OperationInputType typeName="QS4StandardItemMasterSCreI" parentTypeName="QS4CompanyStdMasterSCreI"
       typeClassName="QS4StandardItemMasterSCreI" description="CreateInput object for &quot;QS4StandardItemMasterS&quot; business object"
       isAbstract="false" artifactName="QS4StandardItemMasterSCreI"/>
   <OperationInputType typeName="QS4StandardItemMasterSSvAI" parentTypeName="QS4CompanyStdMasterSSvAI"
       typeClassName="QS4StandardItemMasterSSvAI" description="SaveAsInput object for &quot;QS4StandardItemMasterS&quot; business object"
       isAbstract="false" artifactName="QS4StandardItemMasterSSvAI"/>
   <OperationInputType typeName="QS4StandardItemMasterSvAI" parentTypeName="QS4CompanyStdMasterSvAI"
       typeClassName="QS4StandardItemMasterSvAI" description="SaveAsInput object for &quot;QS4StandardItemMaster&quot; business object"
       isAbstract="false" artifactName="QS4StandardItemMasterSvAI"/>
   <OperationInputType typeName="QS4StandardItemRevMasterSCreI" parentTypeName="QS4CompanyStdRevMasterSCreI"
       typeClassName="QS4StandardItemRevMasterSCreI" description="CreateInput object for &quot;QS4StandardItemRevMasterS&quot; business object"
       isAbstract="false" artifactName="QS4StandardItemRevMasterSCreI"/>
   <OperationInputType typeName="QS4StandardItemRevMasterSSvAI" parentTypeName="QS4CompanyStdRevMasterSSvAI"
       typeClassName="QS4StandardItemRevMasterSSvAI" description="SaveAsInput object for &quot;QS4StandardItemRevMasterS&quot; business object"
       isAbstract="false" artifactName="QS4StandardItemRevMasterSSvAI"/>
   <OperationInputType typeName="QS4StandardItemRevisio_alt0CreI" parentTypeName="QS4CompanyStdRevisionM_alt0CreI"
       typeClassName="QS4StandardItemRevisio_alt0CreI" description="CreateInput object for &quot;QS4StandardItemRevisionMaster&quot; business object"
       isAbstract="false" artifactName="QS4StandardItemRevisio_alt0CreI"/>
   <OperationInputType typeName="QS4StandardItemRevisio_alt0SvAI" parentTypeName="QS4CompanyStdRevisionM_alt0SvAI"
       typeClassName="QS4StandardItemRevisio_alt0SvAI" description="SaveAsInput object for &quot;QS4StandardItemRevisionMaster&quot; business object"
       isAbstract="false" artifactName="QS4StandardItemRevisio_alt0SvAI"/>
   <OperationInputType typeName="QS4StandardItemRevisionCreI" parentTypeName="QS4CompanyStdRevisionCreI"
       typeClassName="QS4StandardItemRevisionCreI" description="CreateInput object for &quot;QS4StandardItemRevision&quot; business object"
       isAbstract="false" artifactName="QS4StandardItemRevisionCreI"/>
   <OperationInputType typeName="QS4StandardItemRevisionRevI" parentTypeName="QS4CompanyStdRevisionRevI"
       typeClassName="QS4StandardItemRevisionRevI" description="ReviseInput object for &quot;QS4StandardItemRevision&quot; business object"
       isAbstract="false" artifactName="QS4StandardItemRevisionRevI"/>
   <OperationInputType typeName="QS4StandardItemRevisionSvAI" parentTypeName="QS4CompanyStdRevisionSvAI"
       typeClassName="QS4StandardItemRevisionSvAI" description="SaveAsInput object for &quot;QS4StandardItemRevision&quot; business object"
       isAbstract="false" artifactName="QS4StandardItemRevisionSvAI"/>
   <OperationInputType typeName="QS4StandardItemSvAI" parentTypeName="QS4CompanyStdSvAI"
       typeClassName="QS4StandardItemSvAI" description="SaveAsInput object for &quot;QS4StandardItem&quot; business object"
       isAbstract="false" artifactName="QS4StandardItemSvAI"/>
   <TcForm typeName="QS4CompanyStdMaster" parentTypeName="Design Master" typeClassName="Form"
       description="MasterForm object for &quot;QS4CompanyStd&quot; business object"
       isAbstract="false" artifactName="QS4CompanyStdMaster" functionality="QS4teamcenter"
       formStorageClassName="QS4CompanyStdMasterS"/>
   <TcForm typeName="QS4CompanyStdRevisionMaster" parentTypeName="Design Revision Master"
       typeClassName="Form" description="MasterForm object for &quot;QS4CompanyStdRevision&quot; business object"
       isAbstract="false" artifactName="QS4CompanyStdRevisionMaster" functionality="QS4teamcenter"
       formStorageClassName="QS4CompanyStdRevMasterS"/>
   <TcForm typeName="QS4DesignItemMaster" parentTypeName="QS4CompanyStdMaster" typeClassName="Form"
       description="MasterForm object for &quot;QS4DesignItem&quot; business object"
       isAbstract="false" artifactName="QS4DesignItemMaster" functionality="QS4teamcenter"
       formStorageClassName="QS4DesignItemMasterS"/>
   <TcForm typeName="QS4DesignItemRevisionMaster" parentTypeName="QS4CompanyStdRevisionMaster"
       typeClassName="Form" description="MasterForm object for &quot;QS4DesignItemRevision&quot; business object"
       isAbstract="false" artifactName="QS4DesignItemRevisionMaster" functionality="QS4teamcenter"
       formStorageClassName="QS4DesignItemRevMasterS"/>
   <TcForm typeName="QS4EngChangeOrder" parentTypeName="Form" typeClassName="Form"
       description="" isAbstract="false" artifactName="QS4EngChangeOrder" functionality="QS4teamcenter"
       formStorageClassName="QS4EngChangeOrderStorage"/>
   <TcForm typeName="QS4PurchasedItemMaster" parentTypeName="QS4CompanyStdMaster"
       typeClassName="Form" description="MasterForm object for &quot;QS4PurchasedItem&quot; business object"
       isAbstract="false" artifactName="QS4PurchasedItemMaster" functionality="QS4teamcenter"
       formStorageClassName="QS4PurchasedItemMasterS"/>
   <TcForm typeName="QS4PurchasedItemRevisionMaster" parentTypeName="QS4CompanyStdRevisionMaster"
       typeClassName="Form" description="MasterForm object for &quot;QS4PurchasedItemRevision&quot; business object"
       isAbstract="false" artifactName="QS4PurchasedItemRevisionMaster" functionality="QS4teamcenter"
       formStorageClassName="QS4PurchasedItemRevMasterS"/>
   <TcForm typeName="QS4RawMatItemMaster" parentTypeName="QS4CompanyStdMaster" typeClassName="Form"
       description="MasterForm object for &quot;QS4RawMatItem&quot; business object"
       isAbstract="false" artifactName="QS4RawMatItemMaster" functionality="QS4teamcenter"
       formStorageClassName="QS4RawMatItemMasterS"/>
   <TcForm typeName="QS4RawMatItemRevisionMaster" parentTypeName="QS4CompanyStdRevisionMaster"
       typeClassName="Form" description="MasterForm object for &quot;QS4RawMatItemRevision&quot; business object"
       isAbstract="false" artifactName="QS4RawMatItemRevisionMaster" functionality="QS4teamcenter"
       formStorageClassName="QS4RawMatItemRevMasterS"/>
   <TcForm typeName="QS4StandardItemMaster" parentTypeName="QS4CompanyStdMaster" typeClassName="Form"
       description="MasterForm object for &quot;QS4StandardItem&quot; business object"
       isAbstract="false" artifactName="QS4StandardItemMaster" functionality="QS4teamcenter"
       formStorageClassName="QS4StandardItemMasterS"/>
   <TcForm typeName="QS4StandardItemRevisionMaster" parentTypeName="QS4CompanyStdRevisionMaster"
       typeClassName="Form" description="MasterForm object for &quot;QS4StandardItemRevision&quot; business object"
       isAbstract="false" artifactName="QS4StandardItemRevisionMaster" functionality="QS4teamcenter"
       formStorageClassName="QS4StandardItemRevMasterS"/>
   <TcStandardType typeName="QS4CompanyStd" parentTypeName="Design" typeClassName="QS4CompanyStd"
       description="" isAbstract="true" artifactName="QS4CompanyStd" functionality="QS4teamcenter"/>
   <TcStandardType typeName="QS4CompanyStdMasterS" parentTypeName="DesignMaster" typeClassName="QS4CompanyStdMasterS"
       description="Form Storage object for &quot;QS4CompanyStdMaster&quot; business object"
       isAbstract="false" artifactName="QS4CompanyStdMasterS" functionality="QS4teamcenter"/>
   <TcStandardType typeName="QS4CompanyStdRevMasterS" parentTypeName="DesignVerMaster"
       typeClassName="QS4CompanyStdRevMasterS" description="Form Storage object for &quot;QS4CompanyStdRevMaster&quot; business object"
       isAbstract="false" artifactName="QS4CompanyStdRevMasterS" functionality="QS4teamcenter"/>
   <TcStandardType typeName="QS4CompanyStdRevision" parentTypeName="Design Revision"
       typeClassName="QS4CompanyStdRevision" description="ItemRevision object for &quot;QS4CompanyStd&quot;  business object"
       isAbstract="true" artifactName="QS4CompanyStdRevision" functionality="QS4teamcenter">
     <TcProperty propName="QS4ItemRevECORelation" propTypeName="Relation" propValueType="PROP_untyped_relation"
         propMaxStringLength="0" isArray="true" arrayLength="-1" description="" referencedTypeConstant=""
         referencedType=""/>
   </TcStandardType>
   <TcStandardType typeName="QS4DesignItem" parentTypeName="QS4CompanyStd" typeClassName="QS4DesignItem"
       description="" isAbstract="false" artifactName="QS4DesignItem" functionality="QS4teamcenter"/>
   <TcStandardType typeName="QS4DesignItemMasterS" parentTypeName="QS4CompanyStdMasterS"
       typeClassName="QS4DesignItemMasterS" description="Form Storage object for &quot;QS4DesignItemMaster&quot; business object"
       isAbstract="false" artifactName="QS4DesignItemMasterS" functionality="QS4teamcenter"/>
   <TcStandardType typeName="QS4DesignItemRevMasterS" parentTypeName="QS4CompanyStdRevMasterS"
       typeClassName="QS4DesignItemRevMasterS" description="Form Storage object for &quot;QS4DesignItemRevMaster&quot; business object"
       isAbstract="false" artifactName="QS4DesignItemRevMasterS" functionality="QS4teamcenter"/>
   <TcStandardType typeName="QS4DesignItemRevision" parentTypeName="QS4CompanyStdRevision"
       typeClassName="QS4DesignItemRevision" description="ItemRevision object for &quot;QS4DesignItem&quot;  business object"
       isAbstract="false" artifactName="QS4DesignItemRevision" functionality="QS4teamcenter"/>
   <TcStandardType typeName="QS4EngChangeOrderStorage" parentTypeName="POM_object"
       typeClassName="QS4EngChangeOrderStorage" description="Form Storage object for &quot;QS4EngChangeOrder&quot; business object"
       isAbstract="false" artifactName="QS4EngChangeOrderStorage" functionality="QS4teamcenter"/>
   <TcStandardType typeName="QS4ItemRevECORelation" parentTypeName="ImanRelation"
       typeClassName="QS4ItemRevECORelation" description="" isAbstract="false" artifactName="QS4ItemRevECORelation"
       functionality="QS4teamcenter"/>
   <TcStandardType typeName="QS4PurchasedItem" parentTypeName="QS4CompanyStd" typeClassName="QS4PurchasedItem"
       description="" isAbstract="false" artifactName="QS4PurchasedItem" functionality="QS4teamcenter"/>
   <TcStandardType typeName="QS4PurchasedItemMasterS" parentTypeName="QS4CompanyStdMasterS"
       typeClassName="QS4PurchasedItemMasterS" description="Form Storage object for &quot;QS4PurchasedItemMaster&quot; business object"
       isAbstract="false" artifactName="QS4PurchasedItemMasterS" functionality="QS4teamcenter"/>
   <TcStandardType typeName="QS4PurchasedItemRevMasterS" parentTypeName="QS4CompanyStdRevMasterS"
       typeClassName="QS4PurchasedItemRevMasterS" description="Form Storage object for &quot;QS4PurchasedItemRevMaster&quot; business object"
       isAbstract="false" artifactName="QS4PurchasedItemRevMasterS" functionality="QS4teamcenter"/>
   <TcStandardType typeName="QS4PurchasedItemRevision" parentTypeName="QS4CompanyStdRevision"
       typeClassName="QS4PurchasedItemRevision" description="ItemRevision object for &quot;QS4PurchasedItem&quot;  business object"
       isAbstract="false" artifactName="QS4PurchasedItemRevision" functionality="QS4teamcenter"/>
   <TcStandardType typeName="QS4RawMatItem" parentTypeName="QS4CompanyStd" typeClassName="QS4RawMatItem"
       description="" isAbstract="false" artifactName="QS4RawMatItem" functionality="QS4teamcenter"/>
   <TcStandardType typeName="QS4RawMatItemMasterS" parentTypeName="QS4CompanyStdMasterS"
       typeClassName="QS4RawMatItemMasterS" description="Form Storage object for &quot;QS4RawMatItemMaster&quot; business object"
       isAbstract="false" artifactName="QS4RawMatItemMasterS" functionality="QS4teamcenter"/>
   <TcStandardType typeName="QS4RawMatItemRevMasterS" parentTypeName="QS4CompanyStdRevMasterS"
       typeClassName="QS4RawMatItemRevMasterS" description="Form Storage object for &quot;QS4RawMatItemRevMaster&quot; business object"
       isAbstract="false" artifactName="QS4RawMatItemRevMasterS" functionality="QS4teamcenter"/>
   <TcStandardType typeName="QS4RawMatItemRevision" parentTypeName="QS4CompanyStdRevision"
       typeClassName="QS4RawMatItemRevision" description="ItemRevision object for &quot;QS4RawMatItem&quot;  business object"
       isAbstract="false" artifactName="QS4RawMatItemRevision" functionality="QS4teamcenter"/>
   <TcStandardType typeName="QS4StandardItem" parentTypeName="QS4CompanyStd" typeClassName="QS4StandardItem"
       description="" isAbstract="false" artifactName="QS4StandardItem" functionality="QS4teamcenter"/>
   <TcStandardType typeName="QS4StandardItemMasterS" parentTypeName="QS4CompanyStdMasterS"
       typeClassName="QS4StandardItemMasterS" description="Form Storage object for &quot;QS4StandardItemMaster&quot; business object"
       isAbstract="false" artifactName="QS4StandardItemMasterS" functionality="QS4teamcenter"/>
   <TcStandardType typeName="QS4StandardItemRevMasterS" parentTypeName="QS4CompanyStdRevMasterS"
       typeClassName="QS4StandardItemRevMasterS" description="Form Storage object for &quot;QS4StandardItemRevMaster&quot; business object"
       isAbstract="false" artifactName="QS4StandardItemRevMasterS" functionality="QS4teamcenter"/>
   <TcStandardType typeName="QS4StandardItemRevision" parentTypeName="QS4CompanyStdRevision"
       typeClassName="QS4StandardItemRevision" description="ItemRevision object for &quot;QS4StandardItem&quot;  business object"
       isAbstract="false" artifactName="QS4StandardItemRevision" functionality="QS4teamcenter"/>
   <TcGlobalConstantAttach constantName="Fnd0SelectedLocales" value="en_US"/>
   <TcTypeConstantAttach constantName="CreateInput" typeName="QS4CompanyStd" value="QS4CompanyStdCreI"/>
   <TcTypeConstantAttach constantName="CreateInput" typeName="QS4CompanyStdMaster"
       value="QS4CompanyStdMasterCreI"/>
   <TcTypeConstantAttach constantName="CreateInput" typeName="QS4CompanyStdMasterS"
       value="QS4CompanyStdMasterSCreI"/>
   <TcTypeConstantAttach constantName="CreateInput" typeName="QS4CompanyStdRevision"
       value="QS4CompanyStdRevisionCreI"/>
   <TcTypeConstantAttach constantName="CreateInput" typeName="QS4CompanyStdRevisionMaster"
       value="QS4CompanyStdRevisionM_alt0CreI"/>
   <TcTypeConstantAttach constantName="CreateInput" typeName="QS4CompanyStdRevMasterS"
       value="QS4CompanyStdRevMasterSCreI"/>
   <TcTypeConstantAttach constantName="CreateInput" typeName="QS4DesignItem" value="QS4DesignItemCreI"/>
   <TcTypeConstantAttach constantName="CreateInput" typeName="QS4DesignItemMaster"
       value="QS4DesignItemMasterCreI"/>
   <TcTypeConstantAttach constantName="CreateInput" typeName="QS4DesignItemMasterS"
       value="QS4DesignItemMasterSCreI"/>
   <TcTypeConstantAttach constantName="CreateInput" typeName="QS4DesignItemRevision"
       value="QS4DesignItemRevisionCreI"/>
   <TcTypeConstantAttach constantName="CreateInput" typeName="QS4DesignItemRevisionMaster"
       value="QS4DesignItemRevisionM_alt0CreI"/>
   <TcTypeConstantAttach constantName="CreateInput" typeName="QS4DesignItemRevMasterS"
       value="QS4DesignItemRevMasterSCreI"/>
   <TcTypeConstantAttach constantName="CreateInput" typeName="QS4EngChangeOrder" value="QS4EngChangeOrderCreI"/>
   <TcTypeConstantAttach constantName="CreateInput" typeName="QS4EngChangeOrderStorage"
       value="QS4EngChangeOrderStorageCreI"/>
   <TcTypeConstantAttach constantName="CreateInput" typeName="QS4ItemRevECORelation"
       value="QS4ItemRevECORelationCreI"/>
   <TcTypeConstantAttach constantName="CreateInput" typeName="QS4PurchasedItem" value="QS4PurchasedItemCreI"/>
   <TcTypeConstantAttach constantName="CreateInput" typeName="QS4PurchasedItemMaster"
       value="QS4PurchasedItemMasterCreI"/>
   <TcTypeConstantAttach constantName="CreateInput" typeName="QS4PurchasedItemMasterS"
       value="QS4PurchasedItemMasterSCreI"/>
   <TcTypeConstantAttach constantName="CreateInput" typeName="QS4PurchasedItemRevision"
       value="QS4PurchasedItemRevisionCreI"/>
   <TcTypeConstantAttach constantName="CreateInput" typeName="QS4PurchasedItemRevisionMaster"
       value="QS4PurchasedItemRevisi_alt0CreI"/>
   <TcTypeConstantAttach constantName="CreateInput" typeName="QS4PurchasedItemRevMasterS"
       value="QS4PurchasedItemRevMasterSCreI"/>
   <TcTypeConstantAttach constantName="CreateInput" typeName="QS4RawMatItem" value="QS4RawMatItemCreI"/>
   <TcTypeConstantAttach constantName="CreateInput" typeName="QS4RawMatItemMaster"
       value="QS4RawMatItemMasterCreI"/>
   <TcTypeConstantAttach constantName="CreateInput" typeName="QS4RawMatItemMasterS"
       value="QS4RawMatItemMasterSCreI"/>
   <TcTypeConstantAttach constantName="CreateInput" typeName="QS4RawMatItemRevision"
       value="QS4RawMatItemRevisionCreI"/>
   <TcTypeConstantAttach constantName="CreateInput" typeName="QS4RawMatItemRevisionMaster"
       value="QS4RawMatItemRevisionM_alt0CreI"/>
   <TcTypeConstantAttach constantName="CreateInput" typeName="QS4RawMatItemRevMasterS"
       value="QS4RawMatItemRevMasterSCreI"/>
   <TcTypeConstantAttach constantName="CreateInput" typeName="QS4StandardItem" value="QS4StandardItemCreI"/>
   <TcTypeConstantAttach constantName="CreateInput" typeName="QS4StandardItemMaster"
       value="QS4StandardItemMasterCreI"/>
   <TcTypeConstantAttach constantName="CreateInput" typeName="QS4StandardItemMasterS"
       value="QS4StandardItemMasterSCreI"/>
   <TcTypeConstantAttach constantName="CreateInput" typeName="QS4StandardItemRevision"
       value="QS4StandardItemRevisionCreI"/>
   <TcTypeConstantAttach constantName="CreateInput" typeName="QS4StandardItemRevisionMaster"
       value="QS4StandardItemRevisio_alt0CreI"/>
   <TcTypeConstantAttach constantName="CreateInput" typeName="QS4StandardItemRevMasterS"
       value="QS4StandardItemRevMasterSCreI"/>
   <TcTypeConstantAttach constantName="Fnd0Icon" typeName="QS4DesignItem" value="QS4IconItem.png"/>
   <TcTypeConstantAttach constantName="Fnd0Icon" typeName="QS4DesignItemRevision"
       value="QS4IconItemRevision.png"/>
   <TcTypeConstantAttach constantName="Fnd0Icon" typeName="QS4EngChangeOrder" value="QS4IconECO.png"/>
   <TcTypeConstantAttach constantName="Fnd0Icon" typeName="QS4PurchasedItem" value="QS4IconPurchasedItem.png"/>
   <TcTypeConstantAttach constantName="Fnd0Icon" typeName="QS4PurchasedItemRevision"
       value="QS4IconPurchasedItemRevision.png"/>
   <TcTypeConstantAttach constantName="Fnd0Icon" typeName="QS4RawMatItem" value="QS4IconMaterialItem.png"/>
   <TcTypeConstantAttach constantName="Fnd0Icon" typeName="QS4RawMatItemRevision"
       value="QS4IconMaterialItemRevision.png"/>
   <TcTypeConstantAttach constantName="Fnd0Icon" typeName="QS4StandardItem" value="QS4IconStandardItem.png"/>
   <TcTypeConstantAttach constantName="Fnd0Icon" typeName="QS4StandardItemRevision"
       value="QS4IconStandardItemRevision.png"/>
   <TcTypeConstantAttach constantName="ItemRevision" typeName="QS4CompanyStd" value="QS4CompanyStdRevision"/>
   <TcTypeConstantAttach constantName="ItemRevision" typeName="QS4DesignItem" value="QS4DesignItemRevision"/>
   <TcTypeConstantAttach constantName="ItemRevision" typeName="QS4PurchasedItem" value="QS4PurchasedItemRevision"/>
   <TcTypeConstantAttach constantName="ItemRevision" typeName="QS4RawMatItem" value="QS4RawMatItemRevision"/>
   <TcTypeConstantAttach constantName="ItemRevision" typeName="QS4StandardItem" value="QS4StandardItemRevision"/>
   <TcTypeConstantAttach constantName="MasterForm" typeName="QS4CompanyStd" value="QS4CompanyStdMaster"/>
   <TcTypeConstantAttach constantName="MasterForm" typeName="QS4CompanyStdRevision"
       value="QS4CompanyStdRevisionMaster"/>
   <TcTypeConstantAttach constantName="MasterForm" typeName="QS4DesignItem" value="QS4DesignItemMaster"/>
   <TcTypeConstantAttach constantName="MasterForm" typeName="QS4DesignItemRevision"
       value="QS4DesignItemRevisionMaster"/>
   <TcTypeConstantAttach constantName="MasterForm" typeName="QS4PurchasedItem" value="QS4PurchasedItemMaster"/>
   <TcTypeConstantAttach constantName="MasterForm" typeName="QS4PurchasedItemRevision"
       value="QS4PurchasedItemRevisionMaster"/>
   <TcTypeConstantAttach constantName="MasterForm" typeName="QS4RawMatItem" value="QS4RawMatItemMaster"/>
   <TcTypeConstantAttach constantName="MasterForm" typeName="QS4RawMatItemRevision"
       value="QS4RawMatItemRevisionMaster"/>
   <TcTypeConstantAttach constantName="MasterForm" typeName="QS4StandardItem" value="QS4StandardItemMaster"/>
   <TcTypeConstantAttach constantName="MasterForm" typeName="QS4StandardItemRevision"
       value="QS4StandardItemRevisionMaster"/>
   <TcTypeConstantAttach constantName="MaturityStatuses" typeName="QS4CompanyStd"
       value="Approved"/>
   <TcTypeConstantAttach constantName="MaturityStatuses" typeName="QS4CompanyStdRevision"
       value="Approved"/>
   <TcTypeConstantAttach constantName="MaxAllowedWorkRevsForItemCopyRev" typeName="QS4CompanyStdRevision"
       value="1"/>
   <TcTypeConstantAttach constantName="ReviseInput" typeName="QS4CompanyStdRevision"
       value="QS4CompanyStdRevisionRevI"/>
   <TcTypeConstantAttach constantName="ReviseInput" typeName="QS4DesignItemRevision"
       value="QS4DesignItemRevisionRevI"/>
   <TcTypeConstantAttach constantName="ReviseInput" typeName="QS4PurchasedItemRevision"
       value="QS4PurchasedItemRevisionRevI"/>
   <TcTypeConstantAttach constantName="ReviseInput" typeName="QS4RawMatItemRevision"
       value="QS4RawMatItemRevisionRevI"/>
   <TcTypeConstantAttach constantName="ReviseInput" typeName="QS4StandardItemRevision"
       value="QS4StandardItemRevisionRevI"/>
   <TcTypeConstantAttach constantName="SaveAsInput" typeName="QS4CompanyStd" value="QS4CompanyStdSvAI"/>
   <TcTypeConstantAttach constantName="SaveAsInput" typeName="QS4CompanyStdMaster"
       value="QS4CompanyStdMasterSvAI"/>
   <TcTypeConstantAttach constantName="SaveAsInput" typeName="QS4CompanyStdMasterS"
       value="QS4CompanyStdMasterSSvAI"/>
   <TcTypeConstantAttach constantName="SaveAsInput" typeName="QS4CompanyStdRevision"
       value="QS4CompanyStdRevisionSvAI"/>
   <TcTypeConstantAttach constantName="SaveAsInput" typeName="QS4CompanyStdRevisionMaster"
       value="QS4CompanyStdRevisionM_alt0SvAI"/>
   <TcTypeConstantAttach constantName="SaveAsInput" typeName="QS4CompanyStdRevMasterS"
       value="QS4CompanyStdRevMasterSSvAI"/>
   <TcTypeConstantAttach constantName="SaveAsInput" typeName="QS4DesignItem" value="QS4DesignItemSvAI"/>
   <TcTypeConstantAttach constantName="SaveAsInput" typeName="QS4DesignItemMaster"
       value="QS4DesignItemMasterSvAI"/>
   <TcTypeConstantAttach constantName="SaveAsInput" typeName="QS4DesignItemMasterS"
       value="QS4DesignItemMasterSSvAI"/>
   <TcTypeConstantAttach constantName="SaveAsInput" typeName="QS4DesignItemRevision"
       value="QS4DesignItemRevisionSvAI"/>
   <TcTypeConstantAttach constantName="SaveAsInput" typeName="QS4DesignItemRevisionMaster"
       value="QS4DesignItemRevisionM_alt0SvAI"/>
   <TcTypeConstantAttach constantName="SaveAsInput" typeName="QS4DesignItemRevMasterS"
       value="QS4DesignItemRevMasterSSvAI"/>
   <TcTypeConstantAttach constantName="SaveAsInput" typeName="QS4EngChangeOrder" value="QS4EngChangeOrderSvAI"/>
   <TcTypeConstantAttach constantName="SaveAsInput" typeName="QS4EngChangeOrderStorage"
       value="QS4EngChangeOrderStorageSvAI"/>
   <TcTypeConstantAttach constantName="SaveAsInput" typeName="QS4ItemRevECORelation"
       value="QS4ItemRevECORelationSvAI"/>
   <TcTypeConstantAttach constantName="SaveAsInput" typeName="QS4PurchasedItem" value="QS4PurchasedItemSvAI"/>
   <TcTypeConstantAttach constantName="SaveAsInput" typeName="QS4PurchasedItemMaster"
       value="QS4PurchasedItemMasterSvAI"/>
   <TcTypeConstantAttach constantName="SaveAsInput" typeName="QS4PurchasedItemMasterS"
       value="QS4PurchasedItemMasterSSvAI"/>
   <TcTypeConstantAttach constantName="SaveAsInput" typeName="QS4PurchasedItemRevision"
       value="QS4PurchasedItemRevisionSvAI"/>
   <TcTypeConstantAttach constantName="SaveAsInput" typeName="QS4PurchasedItemRevisionMaster"
       value="QS4PurchasedItemRevisi_alt0SvAI"/>
   <TcTypeConstantAttach constantName="SaveAsInput" typeName="QS4PurchasedItemRevMasterS"
       value="QS4PurchasedItemRevMasterSSvAI"/>
   <TcTypeConstantAttach constantName="SaveAsInput" typeName="QS4RawMatItem" value="QS4RawMatItemSvAI"/>
   <TcTypeConstantAttach constantName="SaveAsInput" typeName="QS4RawMatItemMaster"
       value="QS4RawMatItemMasterSvAI"/>
   <TcTypeConstantAttach constantName="SaveAsInput" typeName="QS4RawMatItemMasterS"
       value="QS4RawMatItemMasterSSvAI"/>
   <TcTypeConstantAttach constantName="SaveAsInput" typeName="QS4RawMatItemRevision"
       value="QS4RawMatItemRevisionSvAI"/>
   <TcTypeConstantAttach constantName="SaveAsInput" typeName="QS4RawMatItemRevisionMaster"
       value="QS4RawMatItemRevisionM_alt0SvAI"/>
   <TcTypeConstantAttach constantName="SaveAsInput" typeName="QS4RawMatItemRevMasterS"
       value="QS4RawMatItemRevMasterSSvAI"/>
   <TcTypeConstantAttach constantName="SaveAsInput" typeName="QS4StandardItem" value="QS4StandardItemSvAI"/>
   <TcTypeConstantAttach constantName="SaveAsInput" typeName="QS4StandardItemMaster"
       value="QS4StandardItemMasterSvAI"/>
   <TcTypeConstantAttach constantName="SaveAsInput" typeName="QS4StandardItemMasterS"
       value="QS4StandardItemMasterSSvAI"/>
   <TcTypeConstantAttach constantName="SaveAsInput" typeName="QS4StandardItemRevision"
       value="QS4StandardItemRevisionSvAI"/>
   <TcTypeConstantAttach constantName="SaveAsInput" typeName="QS4StandardItemRevisionMaster"
       value="QS4StandardItemRevisio_alt0SvAI"/>
   <TcTypeConstantAttach constantName="SaveAsInput" typeName="QS4StandardItemRevMasterS"
       value="QS4StandardItemRevMasterSSvAI"/>
   <TcPropertyConstantAttach constantName="CopyFromOriginal" typeName="QS4CompanyStdRevision"
       propertyName="qs4ApprovedBy" value="false"/>
   <TcPropertyConstantAttach constantName="CopyFromOriginal" typeName="QS4CompanyStdRevision"
       propertyName="qs4ApprovedDate" value="false"/>
   <TcPropertyConstantAttach constantName="Enabled" typeName="BOMLine" propertyName="qs4_bl_item_ArticleGroup"
       value="true"/>
   <TcPropertyConstantAttach constantName="Enabled" typeName="BOMLine" propertyName="qs4_bl_item_ArticleNumber"
       value="true"/>
   <TcPropertyConstantAttach constantName="Enabled" typeName="BOMLine" propertyName="qs4_bl_item_Customer"
       value="true"/>
   <TcPropertyConstantAttach constantName="Enabled" typeName="BOMLine" propertyName="qs4_bl_item_DesignType"
       value="true"/>
   <TcPropertyConstantAttach constantName="Enabled" typeName="BOMLine" propertyName="qs4_bl_rev_ApprovedBy"
       value="true"/>
   <TcPropertyConstantAttach constantName="Enabled" typeName="BOMLine" propertyName="qs4_bl_rev_ApprovedDate"
       value="true"/>
   <TcPropertyConstantAttach constantName="Enabled" typeName="BOMLine" propertyName="qs4_bl_rev_Categories"
       value="true"/>
   <TcPropertyConstantAttach constantName="Enabled" typeName="BOMLine" propertyName="qs4_bl_rev_Comments"
       value="true"/>
   <TcPropertyConstantAttach constantName="Enabled" typeName="BOMLine" propertyName="qs4_bl_rev_Dimensions"
       value="true"/>
   <TcPropertyConstantAttach constantName="Enabled" typeName="BOMLine" propertyName="qs4_bl_rev_Mass"
       value="true"/>
   <TcPropertyConstantAttach constantName="Enabled" typeName="BOMLine" propertyName="qs4_bl_rev_Material"
       value="true"/>
   <TcPropertyConstantAttach constantName="Enabled" typeName="BOMLine" propertyName="qs4_bl_rev_RawMaterial"
       value="true"/>
   <TcPropertyConstantAttach constantName="Enabled" typeName="BOMLine" propertyName="qs4bl_rev_Designer"
       value="true"/>
   <TcPropertyConstantAttach constantName="Enabled" typeName="BOMLine" propertyName="qs4bl_rev_Supplier"
       value="true"/>
   <TcPropertyConstantAttach constantName="Enabled" typeName="QS4CompanyStd" propertyName="qs4ArticleGroup"
       value="true"/>
   <TcPropertyConstantAttach constantName="Enabled" typeName="QS4CompanyStd" propertyName="qs4ArticleNumber"
       value="true"/>
   <TcPropertyConstantAttach constantName="Enabled" typeName="QS4CompanyStd" propertyName="qs4DesignType"
       value="true"/>
   <TcPropertyConstantAttach constantName="Enabled" typeName="QS4CompanyStdRevision"
       propertyName="qs4ApprovedBy" value="true"/>
   <TcPropertyConstantAttach constantName="Enabled" typeName="QS4CompanyStdRevision"
       propertyName="qs4ApprovedDate" value="true"/>
   <TcPropertyConstantAttach constantName="Enabled" typeName="QS4CompanyStdRevision"
       propertyName="qs4ArticleGroup" value="true"/>
   <TcPropertyConstantAttach constantName="Enabled" typeName="QS4CompanyStdRevision"
       propertyName="qs4ArticleNumber" value="true"/>
   <TcPropertyConstantAttach constantName="Enabled" typeName="QS4CompanyStdRevision"
       propertyName="qs4Categories" value="true"/>
   <TcPropertyConstantAttach constantName="Enabled" typeName="QS4CompanyStdRevision"
       propertyName="qs4Comments" value="true"/>
   <TcPropertyConstantAttach constantName="Enabled" typeName="QS4CompanyStdRevision"
       propertyName="qs4Customer" value="true"/>
   <TcPropertyConstantAttach constantName="Enabled" typeName="QS4CompanyStdRevision"
       propertyName="qs4Designer" value="true"/>
   <TcPropertyConstantAttach constantName="Enabled" typeName="QS4CompanyStdRevision"
       propertyName="qs4DesignType" value="true"/>
   <TcPropertyConstantAttach constantName="Enabled" typeName="QS4CompanyStdRevision"
       propertyName="qs4Dimensions" value="true"/>
   <TcPropertyConstantAttach constantName="Enabled" typeName="QS4CompanyStdRevision"
       propertyName="QS4ItemRevECORelation" value="true"/>
   <TcPropertyConstantAttach constantName="Enabled" typeName="QS4CompanyStdRevision"
       propertyName="qs4Mass" value="true"/>
   <TcPropertyConstantAttach constantName="Enabled" typeName="QS4CompanyStdRevision"
       propertyName="qs4Material" value="true"/>
   <TcPropertyConstantAttach constantName="Enabled" typeName="QS4CompanyStdRevision"
       propertyName="qs4RawMaterial" value="true"/>
   <TcPropertyConstantAttach constantName="Enabled" typeName="QS4CompanyStdRevision"
       propertyName="qs4Supplier" value="true"/>
   <TcPropertyConstantAttach constantName="Enabled" typeName="QS4EngChangeOrder" propertyName="qs4ApprovedBy"
       value="true"/>
   <TcPropertyConstantAttach constantName="Enabled" typeName="QS4EngChangeOrder" propertyName="qs4Category"
       value="true"/>
   <TcPropertyConstantAttach constantName="Enabled" typeName="QS4EngChangeOrder" propertyName="qs4Conclusion"
       value="true"/>
   <TcPropertyConstantAttach constantName="Enabled" typeName="QS4EngChangeOrder" propertyName="qs4CreatorName"
       value="true"/>
   <TcPropertyConstantAttach constantName="Enabled" typeName="QS4EngChangeOrder" propertyName="qs4Description"
       value="true"/>
   <TcPropertyConstantAttach constantName="Enabled" typeName="QS4EngChangeOrder" propertyName="qs4Priority"
       value="true"/>
   <TcPropertyConstantAttach constantName="Enabled" typeName="QS4EngChangeOrder" propertyName="qs4Reason"
       value="true"/>
   <TcPropertyConstantAttach constantName="Enabled" typeName="QS4EngChangeOrder" propertyName="qs4ReviewedBy"
       value="true"/>
   <TcPropertyConstantAttach constantName="Enabled" typeName="QS4EngChangeOrder" propertyName="qs4TasksToDo"
       value="true"/>
   <TcPropertyConstantAttach constantName="Modifiable" typeName="BOMLine" propertyName="qs4_bl_item_ArticleGroup"
       value="Write"/>
   <TcPropertyConstantAttach constantName="Modifiable" typeName="BOMLine" propertyName="qs4_bl_item_ArticleNumber"
       value="Write"/>
   <TcPropertyConstantAttach constantName="Modifiable" typeName="BOMLine" propertyName="qs4_bl_item_Customer"
       value="Write"/>
   <TcPropertyConstantAttach constantName="Modifiable" typeName="BOMLine" propertyName="qs4_bl_item_DesignType"
       value="Write"/>
   <TcPropertyConstantAttach constantName="Modifiable" typeName="BOMLine" propertyName="qs4_bl_rev_ApprovedBy"
       value="Write"/>
   <TcPropertyConstantAttach constantName="Modifiable" typeName="BOMLine" propertyName="qs4_bl_rev_ApprovedDate"
       value="Write"/>
   <TcPropertyConstantAttach constantName="Modifiable" typeName="BOMLine" propertyName="qs4_bl_rev_Categories"
       value="Write"/>
   <TcPropertyConstantAttach constantName="Modifiable" typeName="BOMLine" propertyName="qs4_bl_rev_Comments"
       value="Write"/>
   <TcPropertyConstantAttach constantName="Modifiable" typeName="BOMLine" propertyName="qs4_bl_rev_Dimensions"
       value="Write"/>
   <TcPropertyConstantAttach constantName="Modifiable" typeName="BOMLine" propertyName="qs4_bl_rev_Mass"
       value="Write"/>
   <TcPropertyConstantAttach constantName="Modifiable" typeName="BOMLine" propertyName="qs4_bl_rev_Material"
       value="Write"/>
   <TcPropertyConstantAttach constantName="Modifiable" typeName="BOMLine" propertyName="qs4_bl_rev_RawMaterial"
       value="Write"/>
   <TcPropertyConstantAttach constantName="Modifiable" typeName="BOMLine" propertyName="qs4bl_rev_Designer"
       value="Write"/>
   <TcPropertyConstantAttach constantName="Modifiable" typeName="BOMLine" propertyName="qs4bl_rev_Supplier"
       value="Write"/>
   <TcPropertyConstantAttach constantName="Modifiable" typeName="QS4CompanyStd" propertyName="qs4ArticleGroup"
       value="Write"/>
   <TcPropertyConstantAttach constantName="Modifiable" typeName="QS4CompanyStd" propertyName="qs4ArticleNumber"
       value="Write"/>
   <TcPropertyConstantAttach constantName="Modifiable" typeName="QS4CompanyStd" propertyName="qs4DesignType"
       value="Write"/>
   <TcPropertyConstantAttach constantName="Modifiable" typeName="QS4CompanyStdRevision"
       propertyName="qs4ApprovedBy" value="Write"/>
   <TcPropertyConstantAttach constantName="Modifiable" typeName="QS4CompanyStdRevision"
       propertyName="qs4ApprovedDate" value="Write"/>
   <TcPropertyConstantAttach constantName="Modifiable" typeName="QS4CompanyStdRevision"
       propertyName="qs4ArticleGroup" value="Write"/>
   <TcPropertyConstantAttach constantName="Modifiable" typeName="QS4CompanyStdRevision"
       propertyName="qs4ArticleNumber" value="Write"/>
   <TcPropertyConstantAttach constantName="Modifiable" typeName="QS4CompanyStdRevision"
       propertyName="qs4Categories" value="Write"/>
   <TcPropertyConstantAttach constantName="Modifiable" typeName="QS4CompanyStdRevision"
       propertyName="qs4Comments" value="Write"/>
   <TcPropertyConstantAttach constantName="Modifiable" typeName="QS4CompanyStdRevision"
       propertyName="qs4Customer" value="Write"/>
   <TcPropertyConstantAttach constantName="Modifiable" typeName="QS4CompanyStdRevision"
       propertyName="qs4Designer" value="Write"/>
   <TcPropertyConstantAttach constantName="Modifiable" typeName="QS4CompanyStdRevision"
       propertyName="qs4DesignType" value="Write"/>
   <TcPropertyConstantAttach constantName="Modifiable" typeName="QS4CompanyStdRevision"
       propertyName="qs4Dimensions" value="Write"/>
   <TcPropertyConstantAttach constantName="Modifiable" typeName="QS4CompanyStdRevision"
       propertyName="QS4ItemRevECORelation" value="Write"/>
   <TcPropertyConstantAttach constantName="Modifiable" typeName="QS4CompanyStdRevision"
       propertyName="qs4Mass" value="Write"/>
   <TcPropertyConstantAttach constantName="Modifiable" typeName="QS4CompanyStdRevision"
       propertyName="qs4Material" value="Write"/>
   <TcPropertyConstantAttach constantName="Modifiable" typeName="QS4CompanyStdRevision"
       propertyName="qs4RawMaterial" value="Write"/>
   <TcPropertyConstantAttach constantName="Modifiable" typeName="QS4CompanyStdRevision"
       propertyName="qs4Supplier" value="Write"/>
   <TcPropertyConstantAttach constantName="Modifiable" typeName="QS4EngChangeOrder"
       propertyName="qs4ApprovedBy" value="Write"/>
   <TcPropertyConstantAttach constantName="Modifiable" typeName="QS4EngChangeOrder"
       propertyName="qs4Category" value="Write"/>
   <TcPropertyConstantAttach constantName="Modifiable" typeName="QS4EngChangeOrder"
       propertyName="qs4Conclusion" value="Write"/>
   <TcPropertyConstantAttach constantName="Modifiable" typeName="QS4EngChangeOrder"
       propertyName="qs4CreatorName" value="Write"/>
   <TcPropertyConstantAttach constantName="Modifiable" typeName="QS4EngChangeOrder"
       propertyName="qs4Description" value="Write"/>
   <TcPropertyConstantAttach constantName="Modifiable" typeName="QS4EngChangeOrder"
       propertyName="qs4Priority" value="Write"/>
   <TcPropertyConstantAttach constantName="Modifiable" typeName="QS4EngChangeOrder"
       propertyName="qs4Reason" value="Write"/>
   <TcPropertyConstantAttach constantName="Modifiable" typeName="QS4EngChangeOrder"
       propertyName="qs4ReviewedBy" value="Write"/>
   <TcPropertyConstantAttach constantName="Modifiable" typeName="QS4EngChangeOrder"
       propertyName="qs4TasksToDo" value="Write"/>
   <TcCompoundPropertyRule destTypeName="BOMLine" destPropertyName="qs4_bl_item_ArticleGroup"
       sourceTypeName="QS4CompanyStd" sourcePropertyName="qs4ArticleGroup" isReadOnly="false"
       pathToSource="REF(bl_item,QS4CompanyStd).qs4ArticleGroup" description=""/>
   <TcCompoundPropertyRule destTypeName="BOMLine" destPropertyName="qs4_bl_item_ArticleNumber"
       sourceTypeName="QS4CompanyStd" sourcePropertyName="qs4ArticleNumber" isReadOnly="false"
       pathToSource="REF(bl_item,QS4CompanyStd).qs4ArticleNumber" description=""/>
   <TcCompoundPropertyRule destTypeName="BOMLine" destPropertyName="qs4_bl_item_Customer"
       sourceTypeName="QS4CompanyStdRevision" sourcePropertyName="qs4Customer" isReadOnly="false"
       pathToSource="REF(bl_item,QS4CompanyStd).REF(revision_list,QS4CompanyStdRevision).qs4Customer"
       description=""/>
   <TcCompoundPropertyRule destTypeName="BOMLine" destPropertyName="qs4_bl_item_DesignType"
       sourceTypeName="QS4CompanyStd" sourcePropertyName="qs4DesignType" isReadOnly="false"
       pathToSource="REF(bl_item,QS4CompanyStd).qs4DesignType" description=""/>
   <TcCompoundPropertyRule destTypeName="BOMLine" destPropertyName="qs4_bl_rev_ApprovedBy"
       sourceTypeName="QS4CompanyStdRevision" sourcePropertyName="qs4ApprovedBy" isReadOnly="false"
       pathToSource="REF(bl_item,QS4CompanyStd).REF(revision_list,QS4CompanyStdRevision).qs4ApprovedBy"
       description=""/>
   <TcCompoundPropertyRule destTypeName="BOMLine" destPropertyName="qs4_bl_rev_ApprovedDate"
       sourceTypeName="QS4CompanyStdRevision" sourcePropertyName="qs4ApprovedDate"
       isReadOnly="false" pathToSource="REF(bl_item,QS4CompanyStd).REF(revision_list,QS4CompanyStdRevision).qs4ApprovedDate"
       description=""/>
   <TcCompoundPropertyRule destTypeName="BOMLine" destPropertyName="qs4_bl_rev_Categories"
       sourceTypeName="QS4CompanyStdRevision" sourcePropertyName="qs4Categories" isReadOnly="false"
       pathToSource="REF(bl_item,QS4CompanyStd).REF(revision_list,QS4CompanyStdRevision).qs4Categories"
       description=""/>
   <TcCompoundPropertyRule destTypeName="BOMLine" destPropertyName="qs4_bl_rev_Comments"
       sourceTypeName="QS4CompanyStdRevision" sourcePropertyName="qs4Comments" isReadOnly="false"
       pathToSource="REF(bl_item,QS4CompanyStd).REF(revision_list,QS4CompanyStdRevision).qs4Comments"
       description=""/>
   <TcCompoundPropertyRule destTypeName="BOMLine" destPropertyName="qs4_bl_rev_Dimensions"
       sourceTypeName="QS4CompanyStdRevision" sourcePropertyName="qs4Dimensions" isReadOnly="false"
       pathToSource="REF(bl_item,QS4CompanyStd).REF(revision_list,QS4CompanyStdRevision).qs4Dimensions"
       description=""/>
   <TcCompoundPropertyRule destTypeName="BOMLine" destPropertyName="qs4_bl_rev_Mass"
       sourceTypeName="QS4CompanyStdRevision" sourcePropertyName="qs4Mass" isReadOnly="false"
       pathToSource="REF(bl_item,QS4CompanyStd).REF(revision_list,QS4CompanyStdRevision).qs4Mass"
       description=""/>
   <TcCompoundPropertyRule destTypeName="BOMLine" destPropertyName="qs4_bl_rev_Material"
       sourceTypeName="QS4CompanyStdRevision" sourcePropertyName="qs4Material" isReadOnly="false"
       pathToSource="REF(bl_item,QS4CompanyStd).REF(revision_list,QS4CompanyStdRevision).qs4Material"
       description=""/>
   <TcCompoundPropertyRule destTypeName="BOMLine" destPropertyName="qs4_bl_rev_RawMaterial"
       sourceTypeName="QS4CompanyStdRevision" sourcePropertyName="qs4RawMaterial"
       isReadOnly="false" pathToSource="REF(bl_item,QS4CompanyStd).REF(revision_list,QS4CompanyStdRevision).qs4RawMaterial"
       description=""/>
   <TcCompoundPropertyRule destTypeName="BOMLine" destPropertyName="qs4bl_rev_Designer"
       sourceTypeName="QS4CompanyStdRevision" sourcePropertyName="qs4Designer" isReadOnly="false"
       pathToSource="REF(bl_item,QS4CompanyStd).REF(revision_list,QS4CompanyStdRevision).qs4Designer"
       description=""/>
   <TcCompoundPropertyRule destTypeName="BOMLine" destPropertyName="qs4bl_rev_Supplier"
       sourceTypeName="QS4CompanyStdRevision" sourcePropertyName="qs4Supplier" isReadOnly="false"
       pathToSource="REF(bl_item,QS4CompanyStd).REF(revision_list,QS4CompanyStdRevision).qs4Supplier"
       description=""/>
   <TcCompoundPropertyRule destTypeName="QS4CompanyStdRevision" destPropertyName="qs4ArticleGroup"
       sourceTypeName="QS4CompanyStd" sourcePropertyName="qs4ArticleGroup" isReadOnly="false"
       pathToSource="REF(items_tag,QS4CompanyStd).qs4ArticleGroup" description=""/>
   <TcCompoundPropertyRule destTypeName="QS4CompanyStdRevision" destPropertyName="qs4ArticleNumber"
       sourceTypeName="QS4CompanyStd" sourcePropertyName="qs4ArticleNumber" isReadOnly="false"
       pathToSource="REF(items_tag,QS4CompanyStd).qs4ArticleNumber" description=""/>
   <TcCompoundPropertyRule destTypeName="QS4CompanyStdRevision" destPropertyName="qs4DesignType"
       sourceTypeName="QS4CompanyStd" sourcePropertyName="qs4DesignType" isReadOnly="false"
       pathToSource="REF(items_tag,QS4CompanyStd).qs4DesignType" description=""/>
   <TcDeepCopyRule typeName="QS4CompanyStdRevision" relRefPropName="IMAN_requirement"
       propertyType="Relation" objectTypeName="*" conditionName="isTrue" operationName="ITEM_copy_rev"
       copyType="CopyAsObject" isTargetPrimary="true" secured="true" copyRelationAttributes="true"
       isRequired="false" description=""/>
   <TcDeepCopyRule typeName="QS4CompanyStdRevision" relRefPropName="IMAN_specification"
       propertyType="Relation" objectTypeName="DXF" conditionName="isTrue" operationName="ITEM_copy_rev"
       copyType="NoCopy" isTargetPrimary="true" secured="true" copyRelationAttributes="true"
       isRequired="false" description=""/>
   <TcDeepCopyRule typeName="QS4CompanyStdRevision" relRefPropName="IMAN_specification"
       propertyType="Relation" objectTypeName="*" conditionName="isTrue" operationName="ITEM_copy_rev"
       copyType="CopyAsObject" isTargetPrimary="true" secured="true" copyRelationAttributes="true"
       isRequired="false" description=""/>
   <TcDeepCopyRule typeName="QS4CompanyStdRevision" relRefPropName="IMAN_specification"
       propertyType="Relation" objectTypeName="PDF" conditionName="isTrue" operationName="ITEM_copy_rev"
       copyType="NoCopy" isTargetPrimary="true" secured="true" copyRelationAttributes="true"
       isRequired="false" description=""/>
   <TcDeepCopyRule typeName="QS4CompanyStdRevision" relRefPropName="IMAN_requirement"
       propertyType="Relation" objectTypeName="*" conditionName="isTrue" operationName="ITEM_create_from_rev"
       copyType="CopyAsObject" isTargetPrimary="true" secured="true" copyRelationAttributes="true"
       isRequired="false" description=""/>
   <TcDeepCopyRule typeName="QS4CompanyStdRevision" relRefPropName="IMAN_specification"
       propertyType="Relation" objectTypeName="*" conditionName="isTrue" operationName="ITEM_create_from_rev"
       copyType="CopyAsObject" isTargetPrimary="true" secured="true" copyRelationAttributes="true"
       isRequired="false" description=""/>
   <TcExtensionAttach extensionName="checkLatestReleased" operationName="ITEM_copy_rev"
       isActive="true" extendableElementName="QS4CompanyStdRevision" extendableElementType="Type"
       extensionPointType="PreCondition" conditionName="isTrue" description=""/>
   <TcLOV name="QS4ECOCategory" lovType="ListOfValuesString" usage="Exhaustive" description=""
       isManagedExternally="true"/>
   <TcLOV name="QS4ECOReason" lovType="ListOfValuesString" usage="Exhaustive" description=""
       isManagedExternally="true"/>
   <LOVDynamic name="QS4Persons" description="" usage="Exhaustive" queryClause="SELECT qid FROM Person WHERE &quot;user_name&quot; LIKE &quot;*&quot;"
       dataType="PROP_string" queryType="Person" lovValueAttribute="user_name" lovValueDescriptionAttribute=""/>
   <TcLOV name="QS4Priority" lovType="ListOfValuesInteger" usage="Exhaustive" description=""
       isManagedExternally="true"/>
   <LOVDynamic name="QS4Rawmaterials" description="" usage="Exhaustive" queryClause="SELECT qid FROM QS4RawMatItem WHERE &quot;object_name&quot; LIKE &quot;*&quot;"
       dataType="PROP_string" queryType="QS4RawMatItem" lovValueAttribute="object_name"
       lovValueDescriptionAttribute="object_desc"/>
   <TcLOV name="QS4Supplier" lovType="ListOfValuesString" usage="Suggestive" description=""
       isManagedExternally="true"/>
   <TcLOVAttach lovName="QS4ECOCategory" typeName="QS4EngChangeOrder">
     <TcLOVAttachPropertyInfo valuePropertyName="qs4Category" conditionName="isTrue"
         override="false" level="0"/>
   </TcLOVAttach>
   <TcLOVAttach lovName="QS4ECOReason" typeName="QS4EngChangeOrder">
     <TcLOVAttachPropertyInfo valuePropertyName="qs4Reason" conditionName="isTrue"
         override="false" level="0"/>
   </TcLOVAttach>
   <TcLOVAttach lovName="QS4Persons" typeName="QS4EngChangeOrder">
     <TcLOVAttachPropertyInfo valuePropertyName="qs4CreatorName" conditionName="isTrue"
         override="false" level="0"/>
   </TcLOVAttach>
   <TcLOVAttach lovName="QS4Priority" typeName="QS4EngChangeOrder">
     <TcLOVAttachPropertyInfo valuePropertyName="qs4Priority" conditionName="isTrue"
         override="false" level="0"/>
   </TcLOVAttach>
   <TcLOVAttach lovName="QS4Rawmaterials" typeName="QS4CompanyStdRevision">
     <TcLOVAttachPropertyInfo valuePropertyName="qs4RawMaterial" conditionName="isTrue"
         override="false" level="0"/>
   </TcLOVAttach>
   <TcLOVAttach lovName="QS4Supplier" typeName="QS4CompanyStdRevision">
     <TcLOVAttachPropertyInfo valuePropertyName="qs4Supplier" conditionName="isTrue"
         override="false" level="0"/>
   </TcLOVAttach>
   <Functionality name="QS4teamcenter" displayName="Teamcenter Quick Start" enabledForVerificationRules="false"
       description="Component for the template - qs4teamcenter"/>
   <PropertyRenderer name="QS4ItemRenderer" script="&lt;?xml version=&quot;1.0&quot; encoding=&quot;UTF-8&quot;?&gt;&#x0A;&lt;icons Version=&quot;1.0&quot;&gt;&#x0A;    &lt;propertyMap name=&quot;ItemTypeMap&quot;&gt;&#x0A;       &lt;item key=&quot;Assembly&quot; value=&quot;QS4OverlayIcon_Assembly_Item.png&quot; /&gt;&#x0A;       &lt;item key=&quot;Part&quot; value=&quot;QS4OverlayIcon_Part_Item.png&quot; /&gt;&#x0A;       &lt;item key=&quot;Sheet Metal&quot; value=&quot;QS4OverlayIcon_SheetMetal_Item.png&quot; /&gt;&#x0A;       &lt;item key=&quot;Draft&quot; value=&quot;QS4OverlayIcon_Draft_Item.png&quot; /&gt;&#x0A;       &lt;item key=&quot;Weldment&quot; value=&quot;QS4OverlayIcon_Weldment_Item.png&quot; /&gt;&#x0A;   &lt;/propertyMap&gt;&#x0A;   &lt;primaryIcon source=&quot;Fnd0Icon&quot;/&gt;&#x0A;   &lt;overlayIcon source=&quot;qs4DesignType&quot; mapName=&quot;ItemTypeMap&quot; /&gt;&#x0A;&lt;/icons&gt;"
       description=""/>
   <PropertyRenderer name="QS4ItemRevisionRenderer" script="&lt;icons Version=&quot;1.0&quot;&gt;&#x0A;    &lt;propertyMap name=&quot;RevTypeMap&quot;&gt;&#x0A;       &lt;item key=&quot;Assembly&quot; value=&quot;QS4OverlayIcon_Assembly_ItemRevision.png&quot; /&gt;&#x0A;       &lt;item key=&quot;Part&quot; value=&quot;QS4OverlayIcon_Part_ItemRevision.png&quot; /&gt;&#x0A;       &lt;item key=&quot;Sheet Metal&quot; value=&quot;QS4OverlayIcon_SheetMetal_ItemRevision.png&quot; /&gt;&#x0A;       &lt;item key=&quot;Draft&quot; value=&quot;QS4OverlayIcon_Draft_ItemRevision.png&quot; /&gt;&#x0A;       &lt;item key=&quot;Weldment&quot; value=&quot;QS4OverlayIcon_Weldment_ItemRevision.png&quot; /&gt;&#x0A;    &lt;/propertyMap&gt;&#x0A;   &lt;primaryIcon source=&quot;Fnd0Icon&quot; /&gt;&#x0A;    &lt;overlayIcon source=&quot;qs4DesignType&quot; mapName=&quot;RevTypeMap&quot; /&gt;&#x0A;&lt;/icons&gt;"
       description=""/>
   <PropertyRendererAttach rendererName="QS4ItemRenderer" typeName="QS4CompanyStd"
       propertyName="object_string" conditionName="isTrue"/>
   <PropertyRendererAttach rendererName="QS4ItemRevisionRenderer" typeName="QS4CompanyStdRevision"
       propertyName="object_string" conditionName="isTrue"/>
</Add>
</TcBusinessData>
