<?xml version="1.0" encoding="UTF-8" standalone="no"?>
<TcBusinessDataIncludes>
    <include iconfile="QS4OverlayIcon_Weldment_Item.png"/>
    <include iconfile="QS4OverlayIcon_Assembly_ItemRevision.png"/>
    <include iconfile="QS4OverlayIcon_Draft_ItemRevision.png"/>
    <include iconfile="QS4IconStandardItem.png"/>
    <include iconfile="QS4OverlayIcon_Draft_Item.png"/>
    <include iconfile="QS4IconMaterialItem.png"/>
    <include iconfile="QS4IconPurchasedItem.png"/>
    <include iconfile="QS4OverlayIcon_Wledment_ItemRevision.png"/>
    <include iconfile="QS4OverlayIcon_Part_Item.png"/>
    <include iconfile="QS4IconPurchasedItemRevision.png"/>
    <include iconfile="QS4OverlayIcon_Part_ItemRevision.png"/>
    <include iconfile="QS4IconItem.png"/>
    <include iconfile="QS4IconItemRevision.png"/>
    <include iconfile="QS4IconStandardItemRevision.png"/>
    <include iconfile="QS4OverlayIcon_Assembly_Item.png"/>
    <include iconfile="QS4IconMaterialItemRevision.png"/>
    <include iconfile="QS4OverlayIcon_SheetMetal_ItemRevision.png"/>
    <include iconfile="QS4OverlayIcon_SheetMetal_Item.png"/>
    <include iconfile="QS4IconECO.png"/>
</TcBusinessDataIncludes>
