<?xml version="1.0" encoding="UTF-8" standalone="no"?>
<!--
    Document   : feature_qs4teamcenter.xml
    Description: This XML is used by TEM to install or upgrade the "qs4teamcenter" solution.
--><feature>
    <name value="Teamcenter Quick Start"/>
    <property name="feature_name" value="qs4teamcenter"/>
    <group value="package"/>
    <guid value="C24235169EFD839DCEE54496B43F327B"/>
    <bundle value="${feature_name}Bundle.xml"/>
    <description value="${feature_name}.description"/>
    <include file="dataModelDependency.xml"/>
    <relation>
        <depends name="seec" value="795634402012638E400F3E0F375ED692"/>
    </relation>
    <feature>
        <!--  Feature: Data Model -->
        <name value="Data Model"/>
        <property name="feature_id" value="datamodel"/>
        <property name="bmide_optional" value="false"/>
        <property name="template_name" value="${feature_name}"/>
        <property name="template_file" value="${template_name}_template.xml"/>
        <root value="true"/>
        <bundle value="${template_name}Bundle.xml"/>
        <description value="${template_name}.description"/>
        <guid value="A6FC57B02333CA8F7C41B32C61F815ED"/>
        <include file="coreDataModel.xml"/>
        <include file="generatePlmxmlSchema.xml"/>
    </feature>
<dependencyReferences>
        <reference name="foundation" value="8C061DD51E13E0CB9DC4687B1A3348BE"/>
    </dependencyReferences>
</feature>
